currency_from_id,currency_to_id,branch_id,min_amount,max_amount,rate,is_hot,visible,in_filter
1,2,1,1.00,,1.10,False,True,True
2,1,1,1.00,,0.91,False,True,True
1,3,1,1.00,,90.00,False,True,True
3,1,1,1.00,,0.011,False,True,True
4,1,2,10.00,,0.00009,False,True,True
1,4,2,1.00,,11000.00,False,True,True
5,1,2,0.001,,30000.00,True,True,True
1,5,2,1.00,,0.000033,True,True,True
2,3,1,1.00,,98.00,False,True,True
3,2,1,1.00,,0.0102,False,True,True
6,1,1,10.00,,0.001,False,True,True
1,6,1,1.00,,950.00,False,True,True 